Train;Test
0.009950319305062294
0.009383544325828552
0.010788551531732082
0.0115928640589118
0.008722576312720776
0.009477196261286736
0.009309790097177029
0.008625264279544353
0.008622255176305771
0.008324513211846352
