Train;Test
0.012756756506860256
0.012799552641808987
0.01274087093770504
0.012738289311528206
0.01274816133081913
0.012798978947103024
0.012775708921253681
0.01274039689451456
0.01275685429573059
0.012748383916914463
