Train;Test
0.01245426107198
0.01244398020207882
0.012471635825932026
0.012454429641366005
0.012453393079340458
