Train;Test
0.010162591934204102
0.01016323920339346
0.010171080939471722
0.010161563754081726
0.010158814489841461
0.010196531191468239
0.010188165120780468
0.010158788412809372
0.010141516104340553
0.010149911977350712
