Train;Test
0.004813775420188904
0.004827237222343683
0.004811326041817665
0.004918677266687155
0.004826618358492851
