Train;Test
0.01171213760972023
0.011690598912537098
0.011686750687658787
0.011696920730173588
0.011694674380123615
0.011696473695337772
