Train;Test
0.013014671392738819
0.013210716657340527
0.013236962258815765
0.012919770553708076
0.012806590646505356
0.012819995172321796
0.012771486304700375
0.012714838609099388
0.01265978254377842
0.012614387087523937
