Train;Test
0.006088308058679104
0.008843248710036278
0.008241797797381878
0.006585539784282446
0.005358475260436535
0.006110054440796375
0.0060255806893110275
0.005572271533310413
0.00514101842418313
0.004909510724246502
