Train;Test
0.007675345987081528
0.00822681374847889
0.008872587233781815
0.007720162160694599
0.00757920928299427
0.0072608995251357555
0.007250857073813677
0.0071870191022753716
0.007121260277926922
0.00696064718067646
