Train;Test
0.011717728339135647
0.011734263971447945
0.011715809814631939
0.011725492775440216
0.011702715419232845
0.011705837212502956
0.011699368245899677
0.011714564636349678
0.011711189523339272
0.011704407632350922
0.011712852865457535
0.011705555953085423
0.01170347910374403
0.01170056127011776
0.01170532125979662
0.011693636886775494
0.01170120108872652
0.011704985052347183
0.011689561419188976
0.01169358566403389
