Train;Test
0.025645287707448006
0.020011166110634804
0.022583160549402237
0.025502849370241165
0.014003375545144081
0.03260593116283417
0.010485966689884663
0.013769279234111309
0.019471051171422005
0.014354556798934937
0.011438895016908646
0.010466587729752064
0.0178957749158144
0.01081948820501566
0.013055297546088696
0.01711895875632763
0.008678914979100227
0.022067248821258545
0.015096372924745083
0.009678556583821774
0.009844976477324963
0.008739226497709751
0.01042686402797699
0.010618648491799831
0.010245787911117077
0.009779789485037327
0.009160283021628857
0.009592038579285145
0.008758939802646637
0.006636789068579674
