Cycle;FreqIndex;Omega;Iterations;Error;Time;FromFunction
-1;-1;10.78004;20;7.336114504141733e-5;6.828333182;getData
1;1;10.78004;20;9.760746615938842e-5;1.478499712;getData
