Cycle;FreqIndex;Omega;Iterations;Error
-1;-1;10.78004;15;9.929378575179726e-5
-1;-1;28.297606;18;9.758959640748799e-5
1;1;10.78004;20;6.805549492128193e-5
-1;-1;28.297606;33;9.156591113423929e-5
