Cycle;FreqIndex;Omega;Iterations;Error
-1;-1;10.78004;32;9.989829413825646e-5
-1;-1;28.297606;16;7.651326450286433e-5
