Cycle;FreqIndex;Omega;Iterations;Error
-1;-1;16.755161;15;5.830490408698097e-5
-1;-1;28.297606;12;5.613727626041509e-5
