Cycle;FreqIndex;Omega;Iterations;Error;Time
-1;-1;13.47505;48;7.422904957365972e-9;10.420894552
1;1;13.47505;49;8.980141075198844e-9;5.995351364
