Cycle;FreqIndex;Omega;Iterations;Error
-1;-1;14.8934765;19;7.541680679423735e-5
-1;-1;28.297606;17;7.958120113471523e-5
1;1;14.8934765;27;8.103127765934914e-5
-1;-1;28.297606;48;9.355562360724434e-5
