Cycle;FreqIndex;Omega;Iterations;Error;Time;FromFunction
-1;-1;10.78004;60;6.937571850329505e-9;5.751504384;getData
-1;-1;10.78004;60;6.937571850329505e-9;1.763955164;getData
