Cycle;FreqIndex;Omega;Iterations;Error
-1;-1;10.78004;10;7.308382191695273e-5
-1;-1;12.127545;9;3.934756023227237e-5
1;1;10.78004;14;9.448094351682812e-5
-1;-1;12.127545;14;6.550737452926114e-5
