Cycle;FreqIndex;Omega;Iterations;Error
-1;-1;13.47505;20;6.747168663423508e-5
-1;-1;28.297606;16;7.214168726932257e-5
