Cycle;FreqIndex;Omega;Iterations;Error
-1;-1;10.78004;26;7.168253796407953e-5
-1;-1;28.297606;16;7.888772961450741e-5
