Cycle;FreqIndex;Omega;Iterations;Error
-1;-1;10.78004;18;9.357296949019656e-5
-1;-1;12.127545;12;4.891398930340074e-5
-1;-1;10.78004;24;8.55408507050015e-5
1;1;12.127545;15;7.586619904031977e-5
