Cycle;FreqIndex;Omega;Iterations;Error
-1;-1;16.382824;18;8.553730003768578e-5
-1;-1;28.297606;14;7.83395444159396e-5
