Cycle;FreqIndex;Omega;Iterations;Error
-1;-1;11.914782;14;7.204759458545595e-5
-1;-1;13.404129;15;6.156601011753082e-5
1;1;11.914782;20;9.242120722774416e-5
-1;-1;13.404129;20;8.111392526188865e-5
