Cycle;FreqIndex;Omega;Iterations;Error
-1;-1;25.31891;13;5.4170832299860194e-5
-1;-1;28.297606;12;6.369395850924775e-5
1;1;25.31891;14;9.118603338720277e-5
-1;-1;28.297606;14;5.5992644774960354e-5
