Cycle;FreqIndex;Omega;Iterations;Error
-1;-1;13.404129;24;8.742467616684735e-5
-1;-1;28.297606;21;9.867112385109067e-5
