Cycle;FreqIndex;Omega;Iterations;Error
-1;-1;23.829561;20;6.536362343467772e-5
-1;-1;28.297606;20;8.784855890553445e-5
1;1;23.829561;24;5.927338861511089e-5
-1;-1;28.297606;26;6.792289786972106e-5
