Cycle;FreqIndex;Omega;Iterations;Error
-1;-1;13.47505;16;6.786706944694743e-5
1;1;13.47505;15;9.813471842790022e-5
