Cycle;FreqIndex;Omega;Iterations;Error;Time;FromFunction
-1;-1;10.78004;60;7.439317162294401e-9;10.299939744;getData
1;1;10.78004;49;8.64286064938824e-9;5.266472487;getData
