Cycle;FreqIndex;Omega;Iterations;Error
-1;-1;10.78004;13;9.406547906110063e-5
-1;-1;28.297606;20;8.480832184432074e-5
