Cycle;FreqIndex;Omega;Iterations;Error
-1;-1;10.78004;14;7.267641922226176e-5
-1;-1;28.297606;16;6.345822475850582e-5
1;1;10.78004;27;9.662326192483306e-5
-1;-1;28.297606;64;8.790307765593752e-5
