Cycle;FreqIndex;Omega;Iterations;Error;Time;FromFunction
-1;-1;10.78004;60;9.345415108441557e-9;10.429083246;getData
1;1;10.78004;38;7.641607346897672e-9;4.056873568;getData
