Cycle;FreqIndex;Omega;Iterations;Error
-1;-1;10.78004;14;9.418332774657756e-5
-1;-1;28.297606;13;6.144844519440085e-5
