Cycle;FreqIndex;Omega;Iterations;Error
-1;-1;10.78004;17;9.767598385224119e-5
-1;-1;28.297606;17;9.423704614164308e-5
