Cycle;FreqIndex;Omega;Iterations;Error
-1;-1;10.78004;27;7.635716610820964e-5
-1;-1;28.297606;16;9.085957572096959e-5
