Cycle;FreqIndex;Omega;Iterations;Error
-1;-1;16.382824;22;8.307959797093645e-5
-1;-1;28.297606;13;9.065199992619455e-5
1;1;16.382824;39;9.472890815231949e-5
-1;-1;28.297606;59;9.274621697841212e-5
