Cycle;FreqIndex;Omega;Iterations;Error
-1;-1;10.780041;15;5.81025451538153e-5
-1;-1;28.297606;13;7.335942063946277e-5
