Cycle;FreqIndex;Omega;Iterations;Error
-1;-1;10.78004;20;9.507469803793356e-5
-1;-1;28.297606;25;7.148838631110266e-5
