Cycle;FreqIndex;Omega;Iterations;Error
-1;-1;16.382824;12;5.802205123472959e-5
-1;-1;28.297606;13;9.667130507295951e-5
