Cycle;FreqIndex;Omega;Iterations;Error
-1;-1;10.78004;15;6.378813850460574e-5
-1;-1;12.127545;10;4.6918346924940124e-5
1;1;10.78004;19;7.500036008423194e-5
-1;-1;12.127545;15;8.883548434823751e-5
