Cycle;FreqIndex;Omega;Iterations;Error
-1;-1;23.084888;19;6.809578917454928e-5
-1;-1;28.297606;13;9.042676538228989e-5
