Cycle;FreqIndex;Omega;Iterations;Error
-1;-1;10.78004;10;6.795292574679479e-5
-1;-1;12.127545;12;8.99721635505557e-5
1;1;10.78004;16;6.994309660512954e-5
-1;-1;12.127545;19;7.540469232480973e-5
