Cycle;FreqIndex;Omega;Iterations;Error
-1;-1;10.78004;18;8.387946581933647e-5
-1;-1;28.297606;16;7.336053386097774e-5
