Cycle;FreqIndex;Omega;Iterations;Error
-1;-1;11.170108;20;9.372619388159364e-5
-1;-1;16.382824;13;5.6731587392278016e-5
