Cycle;FreqIndex;Omega;Iterations;Error
-1;-1;11.170108;15;6.378882972057909e-5
-1;-1;16.382824;10;8.326980605488643e-5
