Cycle;FreqIndex;Omega;Iterations;Error
-1;-1;11.170108;15;7.164514681790024e-5
-1;-1;16.382824;12;4.993477341486141e-5
