Cycle;FreqIndex;Omega;Iterations;Error
-1;-1;11.170108;23;8.22751535451971e-5
-1;-1;16.382824;13;6.128033419372514e-5
1;1;11.170108;23;8.40075226733461e-5
-1;-1;16.382824;28;9.325623977929354e-5
