Cycle;FreqIndex;Omega;Iterations;Error
-1;-1;11.170108;300;0.10091633349657059
-1;-1;16.382824;300;0.10523109883069992
