Cycle;FreqIndex;Omega;Iterations;Error
-1;-1;11.170108;16;8.45385657157749e-5
-1;-1;16.382824;10;7.896663009887561e-5
