Cycle;FreqIndex;Omega;Iterations;Error
-1;-1;11.170108;16;9.058052819455042e-5
-1;-1;16.382824;9;9.859298734227195e-5
