Cycle;FreqIndex;Omega;Iterations;Error
-1;-1;11.170108;16;6.848476186860353e-5
-1;-1;16.382824;13;9.241679072147235e-5
1;1;11.170108;16;6.653183663729578e-5
-1;-1;16.382824;15;7.002016354817897e-5
