Cycle;FreqIndex;Omega;Iterations;Error
-1;-1;11.170108;23;8.103787695290521e-5
-1;-1;16.382824;14;8.837407222017646e-5
1;1;11.170108;20;9.089129162020981e-5
-1;-1;16.382824;28;7.812039984855801e-5
