Cycle;FreqIndex;Omega;Iterations;Error
-1;-1;11.170108;19;7.191547047114e-5
-1;-1;16.382824;13;9.961949399439618e-5
