Cycle;FreqIndex;Omega;Iterations;Error
-1;-1;11.170108;15;6.831176142441109e-5
-1;-1;16.382824;12;7.066966645652428e-5
