Cycle;FreqIndex;Omega;Iterations;Error
-1;-1;11.170108;16;5.752810830017552e-5
-1;-1;16.382824;13;9.002921433420852e-5
1;1;11.170108;15;8.46115144668147e-5
-1;-1;16.382824;18;9.62057092692703e-5
