Cycle;FreqIndex;Omega;Iterations;Error
-1;-1;11.170108;24;6.838870467618108e-5
-1;-1;16.382824;61;8.628083014627919e-5
1;1;11.170108;18;6.78646974847652e-5
-1;-1;16.382824;24;7.791432290105149e-5
