Cycle;FreqIndex;Omega;Iterations;Error
-1;-1;28.297606;29;7.655350054847077e-5
-1;-1;16.382824;12;7.440845365636051e-5
