Cycle;FreqIndex;Omega;Iterations;Error
-1;-1;11.170108;14;6.956606375752017e-5
-1;-1;16.382824;15;5.655840868712403e-5
1;1;11.170108;12;8.771254942985252e-5
-1;-1;16.382824;18;6.625203241128474e-5
