Cycle;FreqIndex;Omega;Iterations;Error
-1;-1;11.170108;19;9.95043374132365e-5
-1;-1;16.382824;21;9.356049849884585e-5
-1;-1;11.170108;20;7.647642632946372e-5
1;1;16.382824;23;9.646506805438548e-5
