Cycle;FreqIndex;Omega;Iterations;Error
-1;-1;11.170108;25;7.807862857589498e-5
-1;-1;16.382824;19;9.099627641262487e-5
-1;-1;11.170108;26;7.661252311663702e-5
1;1;16.382824;23;8.844941476127133e-5
