Cycle;FreqIndex;Omega;Iterations;Error
-1;-1;11.170108;300;0.011152267456054688
-1;-1;16.382824;300;0.00094900734256953
