Cycle;FreqIndex;Omega;Iterations;Error
-1;-1;16.382824;14;5.294637230690569e-5
1;1;16.382824;14;6.963720807107165e-5
