Cycle;FreqIndex;Omega;Iterations;Error
-1;-1;11.914781;14;7.826024375390261e-5
-1;-1;16.382824;14;8.334720769198611e-5
1;1;11.914781;13;9.798035898711532e-5
-1;-1;16.382824;18;9.6829557151068e-5
