Cycle;FreqIndex;Omega;Iterations;Error
-1;-1;11.170108;17;9.627035615267232e-5
-1;-1;16.382824;14;6.874922110000625e-5
1;1;11.170108;19;6.99595912010409e-5
-1;-1;16.382824;24;8.529931801604107e-5
