Cycle;FreqIndex;Omega;Iterations;Error
-1;-1;16.382824;14;8.726109808776528e-5
1;1;16.382824;15;6.826049502706155e-5
