Cycle;FreqIndex;Omega;Iterations;Error
-1;-1;11.170108;26;9.381619020132348e-5
-1;-1;16.382824;40;8.843124669510871e-5
1;1;11.170108;18;9.976204455597326e-5
-1;-1;16.382824;20;8.995028474600986e-5
