Cycle;FreqIndex;Omega;Iterations;Error
-1;-1;11.170108;28;8.722128404770046e-5
-1;-1;16.382824;34;9.32428811211139e-5
1;1;11.170108;18;9.138487075688317e-5
-1;-1;16.382824;20;6.816998211434111e-5
