Cycle;FreqIndex;Omega;Iterations;Error
-1;-1;16.382824;12;6.221637158887461e-5
1;1;16.382824;14;6.526432844111696e-5
