Cycle;FreqIndex;Omega;Iterations;Error
-1;-1;16.382824;300;0.3931749761104584
1;1;16.382824;300;0.3875766396522522
