Cycle;FreqIndex;Omega;Iterations;Error
-1;-1;2.2340214;17;7.871009438531473e-5
-1;-1;16.382824;12;7.928865670692176e-5
