Cycle;FreqIndex;Omega;Iterations;Error
-1;-1;11.170108;17;8.260199683718383e-5
-1;-1;16.382824;12;4.9807349569164217e-5
