Cycle;FreqIndex;Omega;Iterations;Error
-1;-1;11.914781;194;9.74488866631873e-5
-1;-1;16.382824;12;7.194047066150233e-5
1;1;11.914781;114;9.839645645115525e-5
-1;-1;16.382824;20;8.90651426743716e-5
