Train;Test
0.010847972705960274
0.010799989104270935
0.010812140069901943
0.010818750597536564
0.010816165246069431
0.01080807764083147
0.010807286016643047
0.010836946777999401
0.010810352861881256
0.010803377255797386
