Train;Test
0.025426574051380157
0.025418337434530258
0.025401104241609573
0.02543748915195465
0.025502873584628105
0.025424305349588394
0.02545110508799553
0.02545500174164772
0.02545834891498089
0.0254781786352396
